{
  "overall_metrics": {
    "accuracy": 0.42021276595744683,
    "f1_macro": 0.6958005048818513,
    "f1_micro": 0.6610169491525424
  },
  "per_emotion_metrics": {
    "anger": {
      "accuracy": 0.925531914893617,
      "precision": 0.7999999999968,
      "recall": 0.689655172411415,
      "f1": 0.7407407406882717
    },
    "joy": {
      "accuracy": 0.8617021276595744,
      "precision": 0.828124999998706,
      "recall": 0.7794117647047362,
      "f1": 0.8030303029791322
    },
    "energy": {
      "accuracy": 0.44148936170212766,
      "precision": 0.3782051282048858,
      "recall": 0.9672131147525127,
      "f1": 0.5437788018023998
    },
    "confidence": {
      "accuracy": 0.5957446808510638,
      "precision": 0.6153846153830375,
      "recall": 0.7999999999973334,
      "f1": 0.6956521738618778
    }
  },
  "requirements_met": {
    "accuracy": false,
    "threshold": 0.75
  }
}